Metric,Value
Test Loss,0.003672974882647395
Test Accuracy,0.8405760526657104
